{"name":"46eeaf6f-62a1-4413-9eb2-2b8be2b180a1","id":"/providers/Microsoft.Flow/flows/46eeaf6f-62a1-4413-9eb2-2b8be2b180a1","type":"Microsoft.Flow/flows","properties":{"apiId":"/providers/Microsoft.PowerApps/apis/shared_logicflows","displayName":"Universal Passport Reminder on Teams","definition":{"metadata":{"workflowEntityId":null,"processAdvisorMetadata":null,"flowChargedByPaygo":null,"flowclientsuspensionreason":"None","flowclientsuspensiontime":null,"flowclientsuspensionreasondetails":null,"creator":{"id":"5ea45447-9ffd-4176-8d23-790032971919","type":"User","tenantId":"291d94fc-23c0-4fc2-8f9a-e355c3ccca11"},"provisioningMethod":"FromDefinition","failureAlertSubscription":true,"clientLastModifiedTime":"2025-06-22T16:29:27.8017686Z","connectionKeySavedTimeKey":"2025-06-22T16:29:27.8017686Z","creationSource":"Portal","modifiedSources":"Portal"},"$schema":"https://schema.management.azure.com/providers/Microsoft.Logic/schemas/2016-06-01/workflowdefinition.json#","contentVersion":"1.0.0.0","parameters":{"$authentication":{"defaultValue":{},"type":"SecureObject"},"$connections":{"defaultValue":{},"type":"Object"}},"triggers":{"When_a_new_email_arrives_(V3)":{"splitOn":"@triggerOutputs()?['body/value']","metadata":{"operationMetadataId":"ca3f40f8-b62e-43ae-a29f-69fbc93aa90a"},"type":"OpenApiConnectionNotification","inputs":{"parameters":{"from":"unipa@tachibana-u.ac.jp;a601023361@st.tachibana-u.ac.jp","includeAttachments":false,"importance":"Any","fetchOnlyWithAttachment":false,"folderPath":"Inbox"},"host":{"apiId":"/providers/Microsoft.PowerApps/apis/shared_office365","connectionName":"shared_office365","operationId":"OnNewEmailV3"},"authentication":"@parameters('$authentication')"}}},"actions":{"比較文1":{"runAfter":{"学籍番号":["Succeeded"]},"metadata":{"operationMetadataId":"139ce97a-ac09-421b-9991-bfd7886b0c57"},"type":"Compose","inputs":"課題"},"課題通知の判定":{"actions":{"For_each":{"foreach":"@variables('lines')","actions":{"条件":{"actions":{"期限日程のみ抽出":{"metadata":{"operationMetadataId":"531a878c-cb7c-465c-854d-aacc0492c855"},"type":"AppendToStringVariable","inputs":{"name":"endtime","value":"@substring(items('For_each'), add(indexOf(items('For_each'), '~'), 1), 10)"}},"starttime-t":{"runAfter":{"期限日程のみ抽出":["Succeeded"]},"metadata":{"operationMetadataId":"01da22bc-bf8a-42d3-98fc-585cf6ec6d50"},"type":"Expression","kind":"ConvertTimeZone","inputs":{"baseTime":"@{variables('endtime')} 00:00","sourceTimeZone":"Tokyo Standard Time","destinationTimeZone":"Tokyo Standard Time","formatString":"s"}},"endtime-t":{"runAfter":{"starttime-t":["Succeeded"]},"metadata":{"operationMetadataId":"11a8eaeb-8e79-4ef3-bd8d-715c782ff506"},"type":"Expression","kind":"ConvertTimeZone","inputs":{"baseTime":"@{variables('endtime')} 23:59","sourceTimeZone":"Tokyo Standard Time","destinationTimeZone":"Tokyo Standard Time","formatString":"s"}},"For_each2":{"foreach":"@variables('lines')","actions":{"余計な内容の削除":{"actions":{"余計な内容の削除2":{"actions":{"余計な内容の削除3":{"actions":{"文字列変数に追加":{"type":"AppendToStringVariable","inputs":{"name":"calender","value":"@{items('For_each2')}<br>"}}},"else":{"actions":{}},"expression":{"or":[{"not":{"contains":["@items('For_each2')","このメッセージには返信できません。"]}}]},"type":"If"}},"else":{"actions":{}},"expression":{"or":[{"not":{"contains":["@items('For_each2')","下記の課題が登録または更新されました。"]}}]},"type":"If"}},"else":{"actions":{}},"expression":{"or":[{"not":{"equals":["@items('For_each2')",""]}}]},"metadata":{"operationMetadataId":"fc169503-5d42-4428-a615-42d985aa965b"},"type":"If"}},"runAfter":{"endtime-t":["Succeeded"]},"metadata":{"operationMetadataId":"899b9e33-2e99-49b4-9630-1074375ec4e5"},"type":"Foreach"},"イベントの作成_(V4)":{"runAfter":{"課題をTeamsに通知":["Succeeded"]},"metadata":{"operationMetadataId":"b2ebad5c-49c9-4f9a-b50e-9f580b5b0a8f"},"type":"OpenApiConnection","inputs":{"parameters":{"table":"AAMkAGYyZDAxMTI0LWUyNWQtNDI5Zi04N2ZhLTlkM2I2MzE2YTdkYwBGAAAAAABZ55iA_xFiT54V-U9gYHibBwBqhRJ3WJKgRKVLpzc9S9DBAAAAAAEGAABqhRJ3WJKgRKVLpzc9S9DBAAAFymnOAAA=","item/subject":"【ユニパ課題期限通知】","item/start":"@body('starttime-t')","item/end":"@body('endtime-t')","item/timeZone":"(UTC+09:00) Osaka, Sapporo, Tokyo","item/body":"<p class=\"editor-paragraph\">@{variables('calender')}</p>","item/isAllDay":true,"item/isReminderOn":true},"host":{"apiId":"/providers/Microsoft.PowerApps/apis/shared_office365","connectionName":"shared_office365","operationId":"V4CalendarPostItem"},"authentication":"@parameters('$authentication')"}},"課題をTeamsに通知":{"runAfter":{"For_each2":["Succeeded"]},"metadata":{"operationMetadataId":"b3b8875a-37a7-40c6-91ec-581ea793a422"},"type":"OpenApiConnection","inputs":{"parameters":{"poster":"Flow bot","location":"Chat with Flow bot","body/recipient":"@outputs('学籍番号')","body/messageBody":"<p class=\"editor-paragraph\"><b><strong class=\"editor-text-bold\" style=\"font-size: 18px;\">課題通知🖊️　（ユニパ）</strong></b><br>@{outputs('ユーザーの_@mention_トークンを取得する')?['body/atMention']}さん</p><p class=\"editor-paragraph\">●ユニパで以下の課題が登録または更新されました。</p><br><p class=\"editor-paragraph\">@{variables('calender')}<br><br>完了したら、👍を押しましょう</p>"},"host":{"apiId":"/providers/Microsoft.PowerApps/apis/shared_teams","connectionName":"shared_teams","operationId":"PostMessageToConversation"},"authentication":"@parameters('$authentication')"}}},"else":{"actions":{}},"expression":{"and":[{"contains":["@items('For_each')","@outputs('比較文3')"]}]},"metadata":{"operationMetadataId":"c201f315-1c07-462c-bf34-82c383d6dbf0"},"type":"If"}},"metadata":{"operationMetadataId":"899b9e33-2e99-49b4-9630-1074375ec4e5"},"type":"Foreach"}},"runAfter":{"カレンダー記憶用":["Succeeded"]},"else":{"actions":{}},"expression":{"and":[{"contains":["@outputs('件名')","@outputs('比較文1')"]}]},"metadata":{"operationMetadataId":"de1547ee-aade-4190-8478-8350f697d062"},"type":"If"},"学籍番号":{"runAfter":{},"metadata":{"operationMetadataId":"1b7deab3-0ccb-4652-bc6d-30654ca8d37b"},"type":"Compose","inputs":"@triggerOutputs()?['body/toRecipients']"},"件名":{"runAfter":{"ユーザーの_@mention_トークンを取得する":["Succeeded"]},"metadata":{"operationMetadataId":"a5097124-bc01-41df-9944-5d2f331732a5"},"type":"Compose","inputs":"@triggerOutputs()?['body/subject']"},"ユーザーの_@mention_トークンを取得する":{"runAfter":{"比較文4":["Succeeded"]},"metadata":{"operationMetadataId":"8630711d-14e2-4cfb-9b64-9cf6abefc0f9"},"type":"OpenApiConnection","inputs":{"parameters":{"userId":"@outputs('学籍番号')"},"host":{"apiId":"/providers/Microsoft.PowerApps/apis/shared_teams","connectionName":"shared_teams","operationId":"AtMentionUser"},"authentication":"@parameters('$authentication')"}},"比較文2":{"runAfter":{"比較文1":["Succeeded"]},"metadata":{"operationMetadataId":"d66ed709-e936-47c5-9817-902495584d1c"},"type":"Compose","inputs":"テスト"},"テスト通知の判定":{"actions":{"For_each-copy":{"foreach":"@variables('lines')","actions":{"条件_1":{"actions":{"期限日程のみ抽出_1":{"metadata":{"operationMetadataId":"531a878c-cb7c-465c-854d-aacc0492c855"},"type":"AppendToStringVariable","inputs":{"name":"endtime","value":"@substring(items('For_each-copy'), add(indexOf(items('For_each-copy'), '~'), 1), 10)"}},"starttime-t_1":{"runAfter":{"期限日程のみ抽出_1":["Succeeded"]},"metadata":{"operationMetadataId":"01da22bc-bf8a-42d3-98fc-585cf6ec6d50"},"type":"Expression","kind":"ConvertTimeZone","inputs":{"baseTime":"@{variables('endtime')} 00:00","sourceTimeZone":"Tokyo Standard Time","destinationTimeZone":"Tokyo Standard Time","formatString":"s"}},"endtime-t_1":{"runAfter":{"starttime-t_1":["Succeeded"]},"metadata":{"operationMetadataId":"11a8eaeb-8e79-4ef3-bd8d-715c782ff506"},"type":"Expression","kind":"ConvertTimeZone","inputs":{"baseTime":"@{variables('endtime')} 23:59","sourceTimeZone":"Tokyo Standard Time","destinationTimeZone":"Tokyo Standard Time","formatString":"s"}},"For_each2_1":{"foreach":"@variables('lines')","actions":{"余計な内容の削除_1":{"actions":{"余計な内容の削除2_1":{"actions":{"余計な内容の削除3_1":{"actions":{"文字列変数に追加_1":{"type":"AppendToStringVariable","inputs":{"name":"calender","value":"@{items('For_each2_1')}<br>"}}},"else":{"actions":{}},"expression":{"or":[{"not":{"contains":["@items('For_each2_1')","このメッセージには返信できません。"]}}]},"type":"If"}},"else":{"actions":{}},"expression":{"or":[{"not":{"contains":["@items('For_each2_1')","下記のテストが登録または更新されました。"]}}]},"type":"If"}},"else":{"actions":{}},"expression":{"or":[{"not":{"equals":["@items('For_each2_1')",""]}}]},"metadata":{"operationMetadataId":"fc169503-5d42-4428-a615-42d985aa965b"},"type":"If"}},"runAfter":{"endtime-t_1":["Succeeded"]},"metadata":{"operationMetadataId":"899b9e33-2e99-49b4-9630-1074375ec4e5"},"type":"Foreach"},"イベントの作成_(V4)_1":{"runAfter":{"テストをTeamsに通知":["Succeeded"]},"metadata":{"operationMetadataId":"b2ebad5c-49c9-4f9a-b50e-9f580b5b0a8f"},"type":"OpenApiConnection","inputs":{"parameters":{"table":"AAMkAGYyZDAxMTI0LWUyNWQtNDI5Zi04N2ZhLTlkM2I2MzE2YTdkYwBGAAAAAABZ55iA_xFiT54V-U9gYHibBwBqhRJ3WJKgRKVLpzc9S9DBAAAAAAEGAABqhRJ3WJKgRKVLpzc9S9DBAAAFymnOAAA=","item/subject":"【テスト期限通知】","item/start":"@body('starttime-t_1')","item/end":"@body('endtime-t_1')","item/timeZone":"(UTC+09:00) Osaka, Sapporo, Tokyo","item/body":"<p class=\"editor-paragraph\">@{variables('calender')}</p>","item/isAllDay":true,"item/isReminderOn":true},"host":{"apiId":"/providers/Microsoft.PowerApps/apis/shared_office365","connectionName":"shared_office365","operationId":"V4CalendarPostItem"},"authentication":"@parameters('$authentication')"}},"テストをTeamsに通知":{"runAfter":{"For_each2_1":["Succeeded"]},"metadata":{"operationMetadataId":"b3b8875a-37a7-40c6-91ec-581ea793a422"},"type":"OpenApiConnection","inputs":{"parameters":{"poster":"Flow bot","location":"Chat with Flow bot","body/recipient":"@outputs('学籍番号')","body/messageBody":"<p class=\"editor-paragraph\"><b><strong class=\"editor-text-bold\" style=\"font-size: 18px;\">テスト通知📝（ユニパ）</strong></b><br>@{outputs('ユーザーの_@mention_トークンを取得する')?['body/atMention']}さん<br>●以下のテストが登録または更新されました。<br><br>@{variables('calender')}<br><br>完了したら、👍を押しましょう</p><br>"},"host":{"apiId":"/providers/Microsoft.PowerApps/apis/shared_teams","connectionName":"shared_teams","operationId":"PostMessageToConversation"},"authentication":"@parameters('$authentication')"}}},"else":{"actions":{}},"expression":{"and":[{"contains":["@items('For_each-copy')","@outputs('比較文4')"]}]},"metadata":{"operationMetadataId":"c201f315-1c07-462c-bf34-82c383d6dbf0"},"type":"If"}},"metadata":{"operationMetadataId":"899b9e33-2e99-49b4-9630-1074375ec4e5"},"type":"Foreach"}},"runAfter":{"課題通知の判定":["Succeeded"]},"else":{"actions":{}},"expression":{"and":[{"contains":["@outputs('件名')","@outputs('比較文2')"]}]},"metadata":{"operationMetadataId":"ac853b35-5e76-435b-b76b-874a203f432d"},"type":"If"},"メッセージ内容":{"runAfter":{"Html_からテキスト":["Succeeded"]},"metadata":{"operationMetadataId":"64ffe4dc-9714-4f11-b2c4-acc45956f832"},"type":"Compose","inputs":"@body('Html_からテキスト')"},"比較文3":{"runAfter":{"比較文2":["Succeeded"]},"metadata":{"operationMetadataId":"b395ce55-1aff-489b-b9a3-7ddd955b6286"},"type":"Compose","inputs":"提出期間"},"Html_からテキスト":{"runAfter":{"件名":["Succeeded"]},"metadata":{"operationMetadataId":"94a77315-eb87-4db7-8fb7-1e7e5c219a69"},"type":"OpenApiConnection","inputs":{"parameters":{"Content":"<p class=\"editor-paragraph\">@{triggerOutputs()?['body/body']}</p>"},"host":{"apiId":"/providers/Microsoft.PowerApps/apis/shared_conversionservice","connectionName":"shared_conversionservice","operationId":"HtmlToText"},"authentication":"@parameters('$authentication')"}},"メッセージ改行":{"runAfter":{"メッセージ内容":["Succeeded"]},"metadata":{"operationMetadataId":"f4065905-e47d-4e16-9384-c7ea3ba29fcc"},"type":"InitializeVariable","inputs":{"variables":[{"name":"lines","type":"array","value":"@split(replace(body('Html_からテキスト'),decodeUriComponent('%0D'),''),decodeUriComponent('%0A'))"}]}},"改行":{"runAfter":{"メッセージ改行":["Succeeded"]},"metadata":{"operationMetadataId":"1ac7a0ca-5953-4c41-924e-f4b2ee1d25f2"},"type":"InitializeVariable","inputs":{"variables":[{"name":"提出期間","type":"string","value":"提出期間"}]}},"endtime":{"runAfter":{"改行":["Succeeded"]},"metadata":{"operationMetadataId":"3f042e6e-f2f6-4b7e-b5d5-673e191ef381"},"type":"InitializeVariable","inputs":{"variables":[{"name":"endtime","type":"string"}]}},"カレンダー記憶用":{"runAfter":{"endtime":["Succeeded"]},"metadata":{"operationMetadataId":"22e24cf0-0b1e-43d3-9b03-633afe0ac3af"},"type":"InitializeVariable","inputs":{"variables":[{"name":"calender","type":"string"}]}},"比較文4":{"runAfter":{"比較文3":["Succeeded"]},"metadata":{"operationMetadataId":"b395ce55-1aff-489b-b9a3-7ddd955b6286"},"type":"Compose","inputs":"テスト期間"}},"outputs":{}},"connectionReferences":{"shared_office365":{"connectionName":"shared-office365-d7a9fa8c-f0ad-4c3a-a1e4-63cc6aa9a25a","source":"Embedded","id":"/providers/Microsoft.PowerApps/apis/shared_office365","tier":"NotSpecified","apiName":"office365","isProcessSimpleApiReferenceConversionAlreadyDone":false},"shared_teams":{"connectionName":"shared-teams-fbeb114b-3f52-4f9f-a235-8c0642653ae0","source":"Embedded","id":"/providers/Microsoft.PowerApps/apis/shared_teams","tier":"NotSpecified","apiName":"teams","isProcessSimpleApiReferenceConversionAlreadyDone":false},"shared_conversionservice":{"connectionName":"shared-conversionser-792d3299-03a2-48c1-a67c-9526079d2e86","source":"Embedded","id":"/providers/Microsoft.PowerApps/apis/shared_conversionservice","tier":"NotSpecified","apiName":"conversionservice","isProcessSimpleApiReferenceConversionAlreadyDone":false}},"flowFailureAlertSubscribed":false,"isManaged":false}}